[
    {
        "id": "301edf87200ad9a2",
        "type": "tab",
        "label": "Flow 1",
        "disabled": false,
        "info": "",
        "env": []
    },
    {
        "id": "2a2a1cbf0a6829d7",
        "type": "http in",
        "z": "301edf87200ad9a2",
        "name": "",
        "url": "read-char",
        "method": "get",
        "upload": false,
        "swaggerDoc": "",
        "x": 140,
        "y": 180,
        "wires": [
            [
                "938a36dc46ba8305",
                "d04707c213a45cab"
            ]
        ]
    },
    {
        "id": "8ddd433c4920acbc",
        "type": "http response",
        "z": "301edf87200ad9a2",
        "name": "",
        "statusCode": "",
        "headers": {},
        "x": 650,
        "y": 180,
        "wires": []
    },
    {
        "id": "938a36dc46ba8305",
        "type": "cloudantplus in",
        "z": "301edf87200ad9a2",
        "name": "",
        "cloudant": "8f260fe6c1013080",
        "database": "aristeudantas29",
        "service": "_ext_",
        "search": "_all_",
        "design": "",
        "index": "",
        "x": 420,
        "y": 180,
        "wires": [
            [
                "8ddd433c4920acbc"
            ]
        ]
    },
    {
        "id": "0b6b2bb8f5f1a389",
        "type": "cloudantplus out",
        "z": "301edf87200ad9a2",
        "name": "",
        "cloudant": "8f260fe6c1013080",
        "database": "aristeudantas29",
        "service": "_ext_",
        "payonly": true,
        "operation": "insert",
        "x": 420,
        "y": 80,
        "wires": [
            [
                "a9dff5b6f7dd4ed7"
            ]
        ]
    },
    {
        "id": "b9ba7b5297d8a8a3",
        "type": "cloudantplus out",
        "z": "301edf87200ad9a2",
        "name": "",
        "cloudant": "8f260fe6c1013080",
        "database": "aristeudantas29",
        "service": "_ext_",
        "payonly": true,
        "operation": "insert",
        "x": 420,
        "y": 340,
        "wires": [
            [
                "e634f2189b2a89c7"
            ]
        ]
    },
    {
        "id": "47429bd209a18ba1",
        "type": "cloudantplus out",
        "z": "301edf87200ad9a2",
        "name": "",
        "cloudant": "8f260fe6c1013080",
        "database": "aristeudantas29",
        "service": "_ext_",
        "payonly": true,
        "operation": "delete",
        "x": 420,
        "y": 460,
        "wires": [
            [
                "0bb28f42602515f8"
            ]
        ]
    },
    {
        "id": "2400bf4955690b0c",
        "type": "http in",
        "z": "301edf87200ad9a2",
        "name": "",
        "url": "update-char",
        "method": "put",
        "upload": false,
        "swaggerDoc": "",
        "x": 150,
        "y": 340,
        "wires": [
            [
                "b9ba7b5297d8a8a3"
            ]
        ]
    },
    {
        "id": "b68fba9d7761b201",
        "type": "http in",
        "z": "301edf87200ad9a2",
        "name": "",
        "url": "save-char",
        "method": "post",
        "upload": false,
        "swaggerDoc": "",
        "x": 140,
        "y": 80,
        "wires": [
            [
                "0b6b2bb8f5f1a389"
            ]
        ]
    },
    {
        "id": "93522ae6b0baf488",
        "type": "http in",
        "z": "301edf87200ad9a2",
        "name": "",
        "url": "remove-char",
        "method": "delete",
        "upload": false,
        "swaggerDoc": "",
        "x": 160,
        "y": 460,
        "wires": [
            [
                "47429bd209a18ba1"
            ]
        ]
    },
    {
        "id": "a9dff5b6f7dd4ed7",
        "type": "http response",
        "z": "301edf87200ad9a2",
        "name": "",
        "statusCode": "",
        "headers": {},
        "x": 650,
        "y": 80,
        "wires": []
    },
    {
        "id": "e634f2189b2a89c7",
        "type": "http response",
        "z": "301edf87200ad9a2",
        "name": "",
        "statusCode": "",
        "headers": {},
        "x": 650,
        "y": 340,
        "wires": []
    },
    {
        "id": "0bb28f42602515f8",
        "type": "http response",
        "z": "301edf87200ad9a2",
        "name": "",
        "statusCode": "",
        "headers": {},
        "x": 650,
        "y": 460,
        "wires": []
    },
    {
        "id": "d04707c213a45cab",
        "type": "debug",
        "z": "301edf87200ad9a2",
        "name": "debug 1",
        "active": true,
        "tosidebar": true,
        "console": false,
        "tostatus": false,
        "complete": "false",
        "statusVal": "",
        "statusType": "auto",
        "x": 320,
        "y": 240,
        "wires": []
    },
    {
        "id": "8f260fe6c1013080",
        "type": "cloudantplus",
        "host": "https://8685b21f-dcdc-4864-a9bc-84e5121ccc12-bluemix.cloudantnosqldb.appdomain.cloud",
        "name": "aristeudantas29",
        "useapikey": true,
        "credentials": {}
    }
]