[
    {
        "id": "c1c704a25ffe19ac",
        "type": "tab",
        "label": "Flow 2",
        "disabled": false,
        "info": "",
        "env": []
    },
    {
        "id": "e6b076aef2aa69f3",
        "type": "http in",
        "z": "c1c704a25ffe19ac",
        "name": "",
        "url": "umidade",
        "method": "post",
        "upload": false,
        "swaggerDoc": "",
        "x": 180,
        "y": 140,
        "wires": [
            [
                "1d4b25c1dcef2853"
            ]
        ]
    },
    {
        "id": "a700b0baf95f6f59",
        "type": "http response",
        "z": "c1c704a25ffe19ac",
        "name": "",
        "statusCode": "",
        "headers": {},
        "x": 650,
        "y": 140,
        "wires": []
    },
    {
        "id": "da58800d2cca9081",
        "type": "http in",
        "z": "c1c704a25ffe19ac",
        "name": "",
        "url": "umidade",
        "method": "get",
        "upload": false,
        "swaggerDoc": "",
        "x": 170,
        "y": 300,
        "wires": [
            [
                "1a10e48d291271f0"
            ]
        ]
    },
    {
        "id": "7d3d6b576558d20d",
        "type": "http response",
        "z": "c1c704a25ffe19ac",
        "name": "",
        "statusCode": "",
        "headers": {},
        "x": 650,
        "y": 300,
        "wires": []
    },
    {
        "id": "1a10e48d291271f0",
        "type": "cloudantplus in",
        "z": "c1c704a25ffe19ac",
        "name": "",
        "cloudant": "8f260fe6c1013080",
        "database": "aristeuiot",
        "service": "_ext_",
        "search": "_all_",
        "design": "",
        "index": "",
        "x": 380,
        "y": 300,
        "wires": [
            [
                "7d3d6b576558d20d"
            ]
        ]
    },
    {
        "id": "1d4b25c1dcef2853",
        "type": "cloudantplus out",
        "z": "c1c704a25ffe19ac",
        "name": "",
        "cloudant": "8f260fe6c1013080",
        "database": "aristeuiot",
        "service": "_ext_",
        "payonly": true,
        "operation": "insert",
        "x": 380,
        "y": 140,
        "wires": [
            [
                "a700b0baf95f6f59"
            ]
        ]
    },
    {
        "id": "8f260fe6c1013080",
        "type": "cloudantplus",
        "host": "https://8685b21f-dcdc-4864-a9bc-84e5121ccc12-bluemix.cloudantnosqldb.appdomain.cloud",
        "name": "aristeudantas29",
        "useapikey": true
    }
]